{"cameraMode":{"drawMode":0,"name":"Shaded","section":"Shading Mode"},"sceneLighting":true,"audioPlay":false,"sceneViewState":{"m_AlwaysRefresh":false,"showFog":true,"showSkybox":true,"showFlares":true,"showImageEffects":true,"showParticleSystems":true,"showVisualEffectGraphs":true,"m_FxEnabled":true},"in2DMode":false,"pivot":{"x":-2.702119827270508,"y":16.025163650512697,"z":-11.392349243164063},"rotation":{"x":-0.4472382068634033,"y":-0.34152668714523318,"z":0.18980951607227326,"w":-0.8046013116836548},"size":0.4330126941204071,"orthographic":false}